States,District,Town,Lat,Lon
Johor,Batu Pahat,Batu Pahat,1.856777,102.926379
Johor,Batu Pahat,Batu Pahat,1.9544,102.855
Johor,Batu Pahat,Batu Pahat,1.919,102.92
Johor,Batu Pahat,Batu Pahat,1.836635,102.922609
Johor,Batu Pahat,Batu Pahat,1.847132,102.926561
Johor,Batu Pahat,Batu Pahat,1.851955,102.931538
Johor,Batu Pahat,Batu Pahat,1.841035,102.931884
Johor,Batu Pahat,Batu Pahat,1.853458,102.934856
Johor,Batu Pahat,Batu Pahat,1.853,102.936
Johor,Batu Pahat,Batu Pahat,1.846452,102.937253
Johor,Batu Pahat,Batu Pahat,1.741,103.044
Johor,Batu Pahat,Batu Pahat,1.862,103.092
Johor,Batu Pahat,Batu Pahat,1.8391,103.1269
Johor,Batu Pahat,Batu Pahat,1.8659,103.1578
Johor,Johor Bahru,Johor Bahru,1.4975,103.6163
Johor,Johor Bahru,Johor Bahru,1.4645,103.7447
Johor,Johor Bahru,Johor Bahru,1.477076,103.745404
Johor,Johor Bahru,Johor Bahru,1.478402,103.756835
Johor,Johor Bahru,Johor Bahru,1.5187,103.7571
Johor,Johor Bahru,Johor Bahru,1.494932,103.76296
Johor,Johor Bahru,Johor Bahru,1.5675,103.77166
Johor,Johor Bahru,Johor Bahru,1.48932,103.7896
Johor,Kluang,Kluang,1.9943,103.264
Johor,Kluang,Kluang,2.027244,103.302863
Johor,Kluang,Kluang,2.065617,103.304307
Johor,Kluang,Kluang,2.043,103.3203
Johor,Kluang,Kluang,2.056096,103.32033
Johor,Kluang,Kluang,2.0248,103.3218
Johor,Kluang,Kluang,2.017579,103.32798
Johor,Kluang,Kluang,1.9862,103.3282
Johor,Kluang,Kluang,2.054365,103.33361
Johor,Kluang,Kluang,2.043978,103.343858
Johor,Kluang,Kluang,2.0696,103.344
Johor,Kluang,Kluang,2.055807,103.354107
Johor,Kluang,Kluang,1.99,103.362
Johor,Kluang,Kluang,2.104,103.454
Johor,Kota Tinggi,Kota Tinggi,1.714558,103.863434
Johor,Kota Tinggi,Kota Tinggi,1.763802,103.875622
Johor,Kota Tinggi,Kota Tinggi,1.7568,103.8806
Johor,Kota Tinggi,Kota Tinggi,1.7148,103.8964
Johor,Kota Tinggi,Kota Tinggi,1.741497,103.899998
Johor,Kota Tinggi,Kota Tinggi,1.7891,103.9102
Johor,Kota Tinggi,Kota Tinggi,1.7405,103.9107
Johor,Kota Tinggi,Kota Tinggi,1.753507,103.9333
Johor,Kulai,Kulai,1.651629,103.563799
Johor,Kulai,Kulai,1.680112,103.58045
Johor,Kulai,Kulai,1.6809,103.5848
Johor,Kulai,Kulai,1.65935,103.590235
Johor,Kulai,Kulai,1.6331,103.6003
Johor,Kulai,Kulai,1.6484,103.6006
Johor,Kulai,Kulai,1.6632,103.6013
Johor,Kulai,Kulai,1.638759,103.612722
Johor,Mersing,Mersing,2.501758,103.797262
Johor,Mersing,Mersing,2.4775,103.8173
Johor,Mersing,Mersing,2.455257,103.819922
Johor,Mersing,Mersing,2.4165,103.8315
Johor,Mersing,Mersing,2.4299,103.8459
Johor,Mersing,Mersing,2.3945,103.8626
Johor,Mersing,Mersing,2.747169,104.177386
Johor,Mersing,Mersing,2.583925,104.329822
Johor,Muar,Muar,2.118239,102.493106
Johor,Muar,Muar,2.042919,102.554001
Johor,Muar,Muar,2.0389,102.5707
Johor,Muar,Muar,2.0708,102.578
Johor,Muar,Muar,2.087,102.5867
Johor,Muar,Muar,2.082557,102.595416
Johor,Muar,Muar,2.052,102.6144
Johor,Muar,Muar,2.039669,102.631465
Johor,Muar,Pagoh,2.1275,102.713236
Johor,Muar,Pagoh,2.10214,102.716
Johor,Muar,Pagoh,2.15822,102.750642
Johor,Muar,Pagoh,2.112761,102.765576
Johor,Muar,Pagoh,2.17,102.767
Johor,Muar,Pagoh,2.1378,102.772
Johor,Muar,Pagoh,2.113,102.78
Johor,Muar,Pagoh,2.16165,102.780511
Johor,Muar,Pagoh,2.162508,102.792871
Johor,Muar,Pagoh,2.170571,102.805917
Johor,Pontian,Pontian,1.491088,103.390851
Johor,Pontian,Pontian,1.45917,103.410248
Johor,Pontian,Pontian,1.529355,103.419518
Johor,Pontian,Pontian,1.5237,103.4241
Johor,Pontian,Pontian,1.504473,103.443379
Johor,Pontian,Pontian,1.4666,103.4566
Johor,Pontian,Pontian,1.489,103.4822
Johor,Pontian,Pontian,1.4873,103.5587
Johor,Segamat,Segamat,2.5314,102.7103
Johor,Segamat,Segamat,2.6305,102.7172
Johor,Segamat,Segamat,2.509796,102.821517
Johor,Segamat,Segamat,2.513875,102.823967
Johor,Segamat,Segamat,2.6021,102.8366
Johor,Segamat,Segamat,2.550788,102.866224
Johor,Segamat,Segamat,2.483691,102.887863
Johor,Segamat,Segamat,2.3814,102.9532
Johor,Tangkak,Tangkak,2.238004,102.515669
Johor,Tangkak,Tangkak,2.279514,102.530432
Johor,Tangkak,Tangkak,2.2698,102.5325
Johor,Tangkak,Tangkak,2.2693,102.5338
Johor,Tangkak,Tangkak,2.2875,102.5507
Johor,Tangkak,Tangkak,2.2715,102.5518
Johor,Tangkak,Tangkak,2.268365,102.555838
Johor,Tangkak,Tangkak,2.298039,102.567168
Kedah,Baling,Baling,5.7138,100.8009
Kedah,Baling,Baling,5.6914,100.8494
Kedah,Baling,Baling,5.8149,100.8916
Kedah,Baling,Baling,5.6831,100.9106
Kedah,Baling,Baling,5.6875,100.9262
Kedah,Baling,Baling,5.7073,100.9602
Kedah,Bandar Baharu,Serdang,5.1964,100.5844
Kedah,Bandar Baharu,Serdang,5.2251,100.595
Kedah,Bandar Baharu,Serdang,5.2455,100.6017
Kedah,Bandar Baharu,Serdang,5.2648,100.6143
Kedah,Bandar Baharu,Serdang,5.2144,100.6151
Kedah,Bandar Baharu,Serdang,5.2035,100.6273
Kedah,Kota Setar,Alor Setar,6.2,100.34
Kedah,Kota Setar,Alor Setar,6.1281,100.3433
Kedah,Kota Setar,Alor Setar,6.1512,100.3475
Kedah,Kota Setar,Alor Setar,6.0402,100.3519
Kedah,Kota Setar,Alor Setar,6.1085,100.3547
Kedah,Kota Setar,Alor Setar,6.1609,100.3634
Kedah,Kota Setar,Alor Setar,6.0289,100.3652
Kedah,Kota Setar,Alor Setar,6.124,100.3684
Kedah,Kota Setar,Alor Setar,6.1205,100.3684
Kedah,Kota Setar,Alor Setar,6.1202,100.4227
Kedah,Kota Setar,Alor Setar,6.06615,100.424
Kedah,Kota Setar,Alor Setar,6.1759,100.4313
Kedah,Kuala Muda,Sungai Petani,5.632,100.3505
Kedah,Kuala Muda,Sungai Petani,5.6138,100.371
Kedah,Kuala Muda,Sungai Petani,5.616,100.4097
Kedah,Kuala Muda,Sungai Petani,5.7121,100.423585
Kedah,Kuala Muda,Sungai Petani,5.6272,100.4273
Kedah,Kuala Muda,Sungai Petani,5.76,100.4473
Kedah,Kuala Muda,Sungai Petani,5.595,100.46523
Kedah,Kuala Muda,Sungai Petani,5.647,100.4862
Kedah,Kuala Muda,Sungai Petani,5.6695,100.4926
Kedah,Kuala Muda,Sungai Petani,5.6552,100.5292
Kedah,Kuala Muda,Sungai Petani,5.6519,100.549
Kedah,Kuala Muda,Sungai Petani,5.771,100.569
Kedah,Kuala Muda,Sungai Petani,5.6852,100.5695
Kedah,Kuala Muda,Sungai Petani,5.6432,100.5699
Kedah,Kuala Muda,Sungai Petani,5.743,100.5722
Kedah,Kuala Muda,Sungai Petani,5.7275,100.5896
Kedah,Kuala Muda,Sungai Petani,5.7588,100.593
Kedah,Kubang Pasu,Bukit Kayu Hitam,6.5,100.228
Kedah,Kubang Pasu,Jitra,6.224,100.246
Kedah,Kubang Pasu,Jitra,6.2996,100.2572
Kedah,Kubang Pasu,Jitra,6.295,100.266
Kedah,Kubang Pasu,Kodiang,6.372093,100.304713
Kedah,Kubang Pasu,Kodiang,6.4023,100.3054
Kedah,Kubang Pasu,Jitra,6.2901121,100.3116
Kedah,Kubang Pasu,Kodiang,6.36915,100.3174
Kedah,Kubang Pasu,Kodiang,6.3897,100.332
Kedah,Kubang Pasu,Jitra,6.3629,100.334
Kedah,Kubang Pasu,Bukit Kayu Hitam,6.515,100.3938
Kedah,Kubang Pasu,Bukit Kayu Hitam,6.495,100.3983
Kedah,Kubang Pasu,Bukit Kayu Hitam,6.5,100.411
Kedah,Kubang Pasu,Bukit Kayu Hitam,6.501502,100.415066
Kedah,Kubang Pasu,Bukit Kayu Hitam,6.478767,100.418781
Kedah,Kubang Pasu,Jitra,6.2793,100.4203
Kedah,Kubang Pasu,Bukit Kayu Hitam,6.49565,100.421892
Kedah,Kubang Pasu,Jitra,6.2757,100.422
Kedah,Kubang Pasu,Jitra,6.2683,100.4248
Kedah,Kubang Pasu,Jitra,6.2413,100.4322
Kedah,Kubang Pasu,Bukit Kayu Hitam,6.513312,100.433044
Kedah,Kubang Pasu,Bukit Kayu Hitam,6.516,100.4352
Kedah,Kubang Pasu,Jitra,6.235,100.436
Kedah,Kubang Pasu,Bukit Kayu Hitam,6.491759,100.443593
Kedah,Kubang Pasu,Jitra,6.4535,100.444
Kedah,Kubang Pasu,Bukit Kayu Hitam,6.513,100.445
Kedah,Kubang Pasu,Jitra,6.273,100.4583
Kedah,Kubang Pasu,Bukit Kayu Hitam,6.496335,100.469149
Kedah,Kubang Pasu,Jitra,6.3288,100.478
Kedah,Kubang Pasu,Jitra,6.3288,100.478
Kedah,Kubang Pasu,Sintok,6.442,100.479
Kedah,Kubang Pasu,Sintok,6.446,100.486
Kedah,Kubang Pasu,Sintok,6.449068,100.486967
Kedah,Kubang Pasu,Sintok,6.443766,100.489529
Kedah,Kubang Pasu,Sintok,6.44798,100.491334
Kedah,Kubang Pasu,Sintok,6.449299,100.495321
Kedah,Kubang Pasu,Sintok,6.445937,100.495439
Kedah,Kubang Pasu,Sintok,6.425,100.498
Kedah,Kubang Pasu,Sintok,6.4576,100.503
Kedah,Kubang Pasu,Sintok,6.44,100.531
Kedah,Kulim,Kulim,5.375,100.3741
Kedah,Kulim,Kulim,5.3926,100.5367
Kedah,Kulim,Kulim,5.3846,100.5461
Kedah,Kulim,Kulim,5.507,100.55636
Kedah,Kulim,Kulim,5.3683,100.5576
Kedah,Kulim,Kulim,5.3459,100.5644
Kedah,Kulim,Kulim,5.3411,100.5649
Kedah,Kulim,Kulim,5.309,100.5663
Kedah,Kulim,Kulim,5.4165,100.5797
Kedah,Kulim,Kulim,5.321472,100.588
Kedah,Kulim,Kulim,5.505,100.642
Kedah,Kulim,Kulim,5.448,100.6634
Kedah,Kulim,Kulim,5.375,100.692
Kedah,Kulim,Kulim,5.3613,100.779
Kedah,Langkawi,Langkawi,6.3918,99.7166
Kedah,Langkawi,Langkawi,6.285,99.7472
Kedah,Langkawi,Langkawi,6.3406,99.7838
Kedah,Langkawi,Langkawi,6.3613,99.7897
Kedah,Langkawi,Langkawi,6.346,99.7904
Kedah,Langkawi,Langkawi,6.3311,99.8313
Kedah,Padang Terap,Kuala Nerang,6.2803,100.5442
Kedah,Padang Terap,Kuala Nerang,6.2465,100.57771
Kedah,Padang Terap,Kuala Nerang,6.2296,100.6219
Kedah,Padang Terap,Kuala Nerang,6.2692,100.6245
Kedah,Padang Terap,Kuala Nerang,6.201,100.718
Kedah,Padang Terap,Kuala Nerang,6.1984,100.7522
Kedah,Pendang,Pendang,5.9588,100.4771
Kedah,Pendang,Pendang,6.0218,100.481
Kedah,Pendang,Pendang,5.9717,100.5149
Kedah,Pendang,Pendang,6.0255,100.5213
Kedah,Pendang,Pendang,6.0326,100.5413
Kedah,Pendang,Pendang,5.906,100.546
Kedah,Pendang,Pendang,5.9397,100.5846
Kedah,Pendang,Pendang,6.0534,100.585
Kedah,Pendang,Pendang,5.90127,100.586589
Kedah,Pendang,Pendang,5.97995,100.60276
Kedah,Pendang,Pendang,6.0247,100.60333
Kedah,Pendang,Pendang,5.9962,100.6077
Kedah,Pokok Sena,Pokok Sena,6.1322,100.485
Kedah,Pokok Sena,Pokok Sena,6.1585,100.5013
Kedah,Pokok Sena,Pokok Sena,6.1186,100.508
Kedah,Pokok Sena,Pokok Sena,6.2139,100.5109
Kedah,Pokok Sena,Pokok Sena,6.1695,100.5735
Kedah,Pokok Sena,Pokok Sena,6.0494,100.6156
Kedah,Pokok Sena,Pokok Sena,6.103,100.6163
Kedah,Pokok Sena,Pokok Sena,6.1176,100.6276
Kedah,Pokok Sena,Pokok Sena,6.1091,100.7172
Kedah,Sik,Sik,5.872871,100.656953
Kedah,Sik,Sik,5.9835,100.6944
Kedah,Sik,Sik,5.7792,100.7191
Kedah,Sik,Sik,5.7513,100.726
Kedah,Sik,Sik,6.0347,100.7271
Kedah,Sik,Sik,5.8261,100.7296
Kedah,Sik,Sik,6.0098,100.7514
Kedah,Sik,Sik,5.77289,100.7609
Kedah,Sik,Sik,5.97429,100.774
Kedah,Sik,Sik,6.0037,100.794
Kedah,Sik,Sik,5.9903,100.8149
Kedah,Sik,Sik,5.9549,100.8191
Kedah,Yan,Yan,5.7855,100.3724
Kedah,Yan,Yan,5.8398,100.3849
Kedah,Yan,Yan,5.821,100.3878
Kedah,Yan,Yan,5.8544,100.4091
Kedah,Yan,Yan,5.8398,100.4161
Kedah,Yan,Yan,5.8744,100.4222
Kedah ,Kubang Pasu,Sintok,6.44478,100.487725
Kedah ,Kubang Pasu,Sintok,6.467,100.538
Kelantan,Bachok,Bachok,6.05454,102.391683
Kelantan,Bachok,Bachok,6.054185,102.393367
Kelantan,Bachok,Bachok,6.03967,102.394949
Kelantan,Bachok,Bachok,5.9745,102.3956
Kelantan,Bachok,Bachok,6.0291,102.399
Kelantan,Bachok,Bachok,6.044745,102.40633
Kelantan,Bachok,Bachok,5.9253,102.4292
Kelantan,Bachok,Bachok,5.9643,102.432
Kelantan,Gua Musang,Gua Musang,4.8364,101.8697
Kelantan,Gua Musang,Gua Musang,4.8685,101.9528
Kelantan,Gua Musang,Gua Musang,4.939,101.9624
Kelantan,Gua Musang,Gua Musang,4.881025,101.962607
Kelantan,Gua Musang,Gua Musang,4.875771,101.964445
Kelantan,Gua Musang,Gua Musang,4.88381,101.967192
Kelantan,Gua Musang,Gua Musang,4.881456,101.969248
Kelantan,Gua Musang,Gua Musang,4.8049,102.0139
Kelantan,Jeli,Jeli,5.716,101.8345
Kelantan,Jeli,Jeli,5.696787,101.838295
Kelantan,Jeli,Jeli,5.69638,101.841408
Kelantan,Jeli,Jeli,5.700443,101.844419
Kelantan,Jeli,Jeli,5.703134,101.84544
Kelantan,Jeli,Jeli,5.6217,101.8482
Kelantan,Jeli,Jeli,5.7054,101.8576
Kelantan,Jeli,Jeli,5.5684,101.8977
Kelantan,Kota Bharu,Kota Bharu,6.130404,102.235248
Kelantan,Kota Bharu,Kota Bharu,6.127713,102.236583
Kelantan,Kota Bharu,Kota Bharu,6.124343,102.239079
Kelantan,Kota Bharu,Kota Bharu,6.128359,102.244811
Kelantan,Kota Bharu,Kota Bharu,6.099,102.2529
Kelantan,Kota Bharu,Kota Bharu,6.1383,102.3051
Kelantan,Kota Bharu,Kota Bharu,6.0591,102.3305
Kelantan,Kota Bharu,Kota Bharu,6.0984,102.3834
Kelantan,Kuala Krai,Kuala Krai,5.6262,102.1598
Kelantan,Kuala Krai,Kuala Krai,5.545203,102.197099
Kelantan,Kuala Krai,Kuala Krai,5.533847,102.200619
Kelantan,Kuala Krai,Kuala Krai,5.510891,102.204382
Kelantan,Kuala Krai,Kuala Krai,5.533967,102.213486
Kelantan,Kuala Krai,Kuala Krai,5.4841,102.2662
Kelantan,Kuala Krai,Kuala Krai,5.594,102.2736
Kelantan,Kuala Krai,Kuala Krai,5.4253,102.3198
Kelantan,Lojing,Lojing,4.5987,101.4314
Kelantan,Lojing,Lojing,4.5978,101.4319
Kelantan,Lojing,Lojing,4.5966,101.4329
Kelantan,Lojing,Lojing,4.62429,101.433958
Kelantan,Lojing,Lojing,4.630108,101.463827
Kelantan,Lojing,Lojing,4.632845,101.4652
Kelantan,Lojing,Lojing,4.636524,101.487859
Kelantan,Lojing,Lojing,4.7919,101.9418
Kelantan,Machang,Machang,5.7644,102.182
Kelantan,Machang,Machang,5.762358,102.211198
Kelantan,Machang,Machang,5.775884,102.214278
Kelantan,Machang,Machang,5.770386,102.220468
Kelantan,Machang,Machang,5.775168,102.220897
Kelantan,Machang,Machang,5.7436,102.2418
Kelantan,Machang,Machang,5.7593,102.25
Kelantan,Machang,Machang,5.8129,102.2596
Kelantan,Pasir Mas,Pasir Mas,5.93,102.0853
Kelantan,Pasir Mas,Pasir Mas,6.0953,102.1017
Kelantan,Pasir Mas,Pasir Mas,6.0174,102.1169
Kelantan,Pasir Mas,Pasir Mas,6.048725,102.129403
Kelantan,Pasir Mas,Pasir Mas,6.02124,102.133523
Kelantan,Pasir Mas,Pasir Mas,6.039336,102.140389
Kelantan,Pasir Mas,Pasir Mas,6.037799,102.147942
Kelantan,Pasir Mas,Pasir Mas,5.9573,102.1924
Kelantan,Pasir Puteh,Pasir Puteh,5.7806,102.3521
Kelantan,Pasir Puteh,Pasir Puteh,5.8881,102.3897
Kelantan,Pasir Puteh,Pasir Puteh,5.836957,102.390312
Kelantan,Pasir Puteh,Pasir Puteh,5.82809,102.394787
Kelantan,Pasir Puteh,Pasir Puteh,5.844891,102.399117
Kelantan,Pasir Puteh,Pasir Puteh,5.83308,102.404242
Kelantan,Pasir Puteh,Pasir Puteh,5.8006,102.4117
Kelantan,Pasir Puteh,Pasir Puteh,5.8963,102.4556
Kelantan,Tanah Merah,Tanah Merah,5.844,101.9557
Kelantan,Tanah Merah,Tanah Merah,5.8106,102.089
Kelantan,Tanah Merah,Tanah Merah,5.8946,102.0993
Kelantan,Tanah Merah,Tanah Merah,5.7627,102.1096
Kelantan,Tanah Merah,Tanah Merah,5.8051,102.135744
Kelantan,Tanah Merah,Tanah Merah,5.818199,102.140542
Kelantan,Tanah Merah,Tanah Merah,5.797991,102.147278
Kelantan,Tanah Merah,Tanah Merah,5.813325,102.152994
Kelantan,Tumpat,Tumpat,6.2273,102.0956
Kelantan,Tumpat,Tumpat,6.2081,102.1114
Kelantan,Tumpat,Tumpat,6.1453,102.1526
Kelantan,Tumpat,Tumpat,6.198798,102.167237
Kelantan,Tumpat,Tumpat,6.199646,102.169379
Kelantan,Tumpat,Tumpat,6.195653,102.170223
Kelantan,Tumpat,Tumpat,6.196946,102.173106
Kelantan,Tumpat,Tumpat,6.1781,102.2227
Melaka,Alor Gajah,Alor Gajah,2.370012,102.199419
Melaka,Alor Gajah,Alor Gajah,2.350974,102.201394
Melaka,Alor Gajah,Alor Gajah,2.4624,102.2023
Melaka,Alor Gajah,Alor Gajah,2.384505,102.206458
Melaka,Alor Gajah,Alor Gajah,2.3782,102.2088
Melaka,Alor Gajah,Alor Gajah,2.390937,102.209805
Melaka,Alor Gajah,Alor Gajah,2.383476,102.209891
Melaka,Alor Gajah,Alor Gajah,2.3819,102.2102
Melaka,Alor Gajah,Alor Gajah,2.4473,102.2201
Melaka,Alor Gajah,Alor Gajah,2.382533,102.22225
Melaka,Alor Gajah,Alor Gajah,2.4007,102.2874
Melaka,Alor Gajah,Alor Gajah,2.3876,102.2915
Melaka,Jasin,Jasin,2.3191,102.3501
Melaka,Jasin,Jasin,2.3253,102.3707
Melaka,Jasin,Jasin,2.292434,102.411069
Melaka,Jasin,Jasin,2.3055,102.4225
Melaka,Jasin,Jasin,2.3057,102.4229
Melaka,Jasin,Jasin,2.317116,102.424491
Melaka,Jasin,Jasin,2.312883,102.432453
Melaka,Jasin,Jasin,2.314362,102.43332
Melaka,Jasin,Jasin,2.301766,102.440976
Melaka,Jasin,Jasin,2.295971,102.441294
Melaka,Jasin,Jasin,2.2546,102.4441
Melaka,Jasin,Jasin,2.315,102.4517
Melaka,Melaka Tengah,Melaka Tengah,2.2817,102.1684
Melaka,Melaka Tengah,Melaka Tengah,2.2543,102.211
Melaka,Melaka Tengah,Melaka Tengah,2.211806,102.227114
Melaka,Melaka Tengah,Melaka Tengah,2.18863,102.250153
Melaka,Melaka Tengah,Melaka Tengah,2.180079,102.25082
Melaka,Melaka Tengah,Melaka Tengah,2.197526,102.266377
Melaka,Melaka Tengah,Melaka Tengah,2.22147,102.267099
Melaka,Melaka Tengah,Melaka Tengah,2.211229,102.269264
Melaka,Melaka Tengah,Melaka Tengah,2.2573,102.2788
Melaka,Melaka Tengah,Melaka Tengah,2.2718,102.286
Melaka,Melaka Tengah,Melaka Tengah,2.2632,102.2879
Melaka,Melaka Tengah,Melaka Tengah,2.1946,102.3154
Melaka,Tampin,Tampin,2.4693,102.221
Melaka,Tampin,Tampin,2.5073,102.2273
Melaka,Tampin,Tampin,2.4682,102.2305
Melaka,Tampin,Tampin,2.5257,102.2376
Melaka,Tampin,Tampin,2.472,102.2541
Melaka,Tampin,Tampin,2.4974,102.2743
N.Sembilan,Jelebu,Kuala Klawang,2.9538,102.0413
N.Sembilan,Jelebu,Kuala Klawang,2.913596,102.045047
N.Sembilan,Jelebu,Kuala Klawang,2.940683,102.059981
N.Sembilan,Jelebu,Kuala Klawang,2.952855,102.066333
N.Sembilan,Jelebu,Kuala Klawang,2.931082,102.068221
N.Sembilan,Jelebu,Kuala Klawang,2.940155,102.070362
N.Sembilan,Jelebu,Kuala Klawang,2.951826,102.077491
N.Sembilan,Jelebu,Kuala Klawang,2.9505,102.0854
N.Sembilan,Jelebu,Kuala Klawang,2.8619,102.0959
N.Sembilan,Jelebu,Kuala Klawang,2.927,102.1048
N.Sembilan,Jelebu,Kuala Klawang,2.9652,102.1087
N.Sembilan,Jelebu,Kuala Klawang,2.9702,102.1886
N.Sembilan,Jempol,Bahau / Jempol,2.820256,102.367083
N.Sembilan,Jempol,Bahau / Jempol,2.791795,102.372576
N.Sembilan,Jempol,Bahau / Jempol,2.8482,102.375
N.Sembilan,Jempol,Bahau / Jempol,2.7784,102.3903
N.Sembilan,Jempol,Bahau / Jempol,2.784937,102.390773
N.Sembilan,Jempol,Bahau / Jempol,2.8075,102.4002
N.Sembilan,Jempol,Bahau / Jempol,2.8097,102.402
N.Sembilan,Jempol,Bahau / Jempol,2.808967,102.402582
N.Sembilan,Jempol,Bahau / Jempol,2.826429,102.413775
N.Sembilan,Jempol,Bahau / Jempol,2.8037,102.4204
N.Sembilan,Jempol,Bahau / Jempol,2.810655,102.433688
N.Sembilan,Jempol,Bahau / Jempol,2.8215,102.4428
N.Sembilan,Kuala Pilah,Kuala Pilah,2.737989,102.222745
N.Sembilan,Kuala Pilah,Kuala Pilah,2.7662,102.2311
N.Sembilan,Kuala Pilah,Kuala Pilah,2.6997,102.2345
N.Sembilan,Kuala Pilah,Kuala Pilah,2.741,102.2438
N.Sembilan,Kuala Pilah,Kuala Pilah,2.713984,102.245576
N.Sembilan,Kuala Pilah,Kuala Pilah,2.7454,102.2468
N.Sembilan,Kuala Pilah,Kuala Pilah,2.754107,102.246949
N.Sembilan,Kuala Pilah,Kuala Pilah,2.738504,102.250383
N.Sembilan,Kuala Pilah,Kuala Pilah,2.7141,102.250684
N.Sembilan,Kuala Pilah,Kuala Pilah,2.738332,102.251241
N.Sembilan,Kuala Pilah,Kuala Pilah,2.8242,102.2675
N.Sembilan,Kuala Pilah,Kuala Pilah,2.7302,102.298
N.Sembilan,Port Dickson,Lukut,2.6315,101.7863
N.Sembilan,Port Dickson,Lukut,2.5602,101.8128
N.Sembilan,Port Dickson,Lukut,2.58745,101.827358
N.Sembilan,Port Dickson,Lukut,2.595301,101.828787
N.Sembilan,Port Dickson,Lukut,2.571,101.8306
N.Sembilan,Port Dickson,Lukut,2.581434,101.833074
N.Sembilan,Port Dickson,Lukut,2.572665,101.839301
N.Sembilan,Port Dickson,Lukut,2.5315,101.8406
N.Sembilan,Port Dickson,Lukut,2.5887,101.8439
N.Sembilan,Port Dickson,Lukut,2.583677,101.844812
N.Sembilan,Port Dickson,Lukut,2.58511,101.846048
N.Sembilan,Port Dickson,Lukut,2.4683,101.866
N.Sembilan,Rembau,Rembau,2.5127,102.0687
N.Sembilan,Rembau,Rembau,2.5504,102.0763
N.Sembilan,Rembau,Rembau,2.599278,102.09182
N.Sembilan,Rembau,Rembau,2.5905,102.0933
N.Sembilan,Rembau,Rembau,2.592154,102.094452
N.Sembilan,Rembau,Rembau,2.592,102.0989
N.Sembilan,Rembau,Rembau,2.599065,102.099095
N.Sembilan,Rembau,Rembau,2.587857,102.099475
N.Sembilan,Rembau,Rembau,2.594995,102.099577
N.Sembilan,Rembau,Rembau,2.598768,102.104273
N.Sembilan,Rembau,Rembau,2.6018,102.1113
N.Sembilan,Rembau,Rembau,2.5854,102.1607
N.Sembilan,Seremban,Enstek,2.747224,101.766066
N.Sembilan,Seremban,Enstek,2.765142,101.766581
N.Sembilan,Seremban,Nilai,2.801575,101.768076
N.Sembilan,Seremban,Enstek,2.7515,101.7743
N.Sembilan,Seremban,Nilai,2.8476,101.776
N.Sembilan,Seremban,Enstek,2.765742,101.776194
N.Sembilan,Seremban,Enstek,2.734,101.7783
N.Sembilan,Seremban,Enstek,2.7432,101.7834
N.Sembilan,Seremban,Nilai,2.8202,101.78672
N.Sembilan,Seremban,Nilai,2.836038,101.787988
N.Sembilan,Seremban,Nilai,2.85016,101.79728
N.Sembilan,Seremban,Nilai,2.840667,101.799833
N.Sembilan,Seremban,Nilai,2.866384,101.824724
N.Sembilan,Seremban,Nilai,2.8209,101.8289
N.Sembilan,Seremban,Seremban,2.685917,101.905904
N.Sembilan,Seremban,Seremban,2.6994,101.9127
N.Sembilan,Seremban,Seremban,2.695177,101.925474
N.Sembilan,Seremban,Seremban,2.763078,101.929937
N.Sembilan,Seremban,Seremban,2.723041,101.938117
N.Sembilan,Seremban,Seremban,2.7201,101.9409
N.Sembilan,Seremban,Seremban,2.7226,101.9415
N.Sembilan,Seremban,Seremban,2.734615,101.950879
N.Sembilan,Seremban,Seremban,2.7529,101.9773
N.Sembilan,Seremban,Seremban,2.696549,101.997228
N.Sembilan,Seremban,Seremban,2.6434,102.0161
N.Sembilan,Seremban,Seremban,2.6966,102.0411
N.Sembilan,Tampin,Tampin,2.479656,102.224607
N.Sembilan,Tampin,Tampin,2.467694,102.230444
N.Sembilan,Tampin,Tampin,2.466322,102.234607
N.Sembilan,Tampin,Tampin,2.480771,102.244906
N.Sembilan,Tampin,Tampin,2.472521,102.251571
N.Sembilan,Tampin,Tampin,2.46476,102.262738
Pahang,Bentong,Bentong,3.517039,101.903105
Pahang,Bentong,Bentong,3.5253,101.9043
Pahang,Bentong,Bentong,3.523235,101.905703
Pahang,Bentong,Bentong,3.5269,101.9068
Pahang,Bentong,Bentong,3.517904,101.913642
Pahang,Bentong,Bentong,3.50436,101.914148
Pahang,Bentong,Bentong,3.522782,101.91721
Pahang,Bentong,Bentong,3.502162,101.922383
Pahang,Bentong,Bentong,3.5665,101.972
Pahang,Bentong,Bentong,3.3636,101.983
Pahang,Bentong,Bentong,3.2101,102.1643
Pahang,Bentong,Bentong,3.2841,102.222
Pahang,Bera,Bandar Bera,3.2229,102.3686
Pahang,Bera,Bandar Bera,3.2453,102.413
Pahang,Bera,Bandar Bera,3.261978,102.434527
Pahang,Bera,Bandar Bera,3.263419,102.436944
Pahang,Bera,Bandar Bera,3.260104,102.437738
Pahang,Bera,Bandar Bera,3.257799,102.44012
Pahang,Bera,Bandar Bera,3.263227,102.444468
Pahang,Bera,Bandar Bera,3.25808,102.44605
Pahang,Bera,Bandar Bera,3.2715,102.4524
Pahang,Bera,Bandar Bera,3.1845,102.4674
Pahang,Bera,Bandar Bera,3.3655,102.5691
Pahang,Bera,Bandar Bera,3.0255,102.6762
Pahang,Cameron Highlands,Tanah Rata,4.469981,101.374944
Pahang,Cameron Highlands,Tanah Rata,4.470285,101.37536
Pahang,Cameron Highlands,Tanah Rata,4.471258,101.376451
Pahang,Cameron Highlands,Tanah Rata,4.4888,101.3765
Pahang,Cameron Highlands,Tanah Rata,4.47031,101.376508
Pahang,Cameron Highlands,Tanah Rata,4.470615,101.377222
Pahang,Cameron Highlands,Tanah Rata,4.469999,101.377705
Pahang,Cameron Highlands,Tanah Rata,4.4676,101.3892
Pahang,Cameron Highlands,Tanah Rata,4.5207,101.3981
Pahang,Cameron Highlands,Tanah Rata,4.4943,101.4454
Pahang,Cameron Highlands,Tanah Rata,4.4163,101.4736
Pahang,Cameron Highlands,Tanah Rata,4.482,101.5574
Pahang,Jerantut,Jerantut,4.0135,102.2146
Pahang,Jerantut,Jerantut,3.938451,102.355909
Pahang,Jerantut,Jerantut,3.9382,102.3605
Pahang,Jerantut,Jerantut,3.9315,102.3622
Pahang,Jerantut,Jerantut,3.95026,102.362558
Pahang,Jerantut,Jerantut,3.8559,102.3629
Pahang,Jerantut,Jerantut,3.934345,102.364654
Pahang,Jerantut,Jerantut,3.930651,102.367278
Pahang,Jerantut,Jerantut,3.940311,102.369605
Pahang,Jerantut,Jerantut,3.940584,102.373544
Pahang,Jerantut,Kuala Tahan,4.3132,102.376
Pahang,Jerantut,Kuala Tahan,4.3432,102.378
Pahang,Jerantut,Kuala Tahan,4.4032,102.379
Pahang,Jerantut,Jerantut,3.9943,102.4137
Pahang,Jerantut,Kuala Tahan,4.356,102.4183
Pahang,Jerantut,Kuala Tahan,3.964831,102.434271
Pahang,Jerantut,Kuala Tahan,3.961719,102.435119
Pahang,Jerantut,Kuala Tahan,3.960713,102.435983
Pahang,Jerantut,Kuala Tahan,3.961106,102.436117
Pahang,Jerantut,Kuala Tahan,4.317,102.44
Pahang,Jerantut,Kuala Tahan,3.962241,102.44088
Pahang,Jerantut,Jerantut,3.9806,102.5263
Pahang,Kuantan,Kuantan,3.793,103.1659
Pahang,Kuantan,Kuantan,3.8688,103.168
Pahang,Kuantan,Kuantan,3.803,103.2339
Pahang,Kuantan,Kuantan,3.7831,103.2358
Pahang,Kuantan,Kuantan,3.729,103.2477
Pahang,Kuantan,Kuantan,3.8318,103.3122
Pahang,Kuantan,Kuantan,3.825398,103.323712
Pahang,Kuantan,Kuantan,3.827496,103.329377
Pahang,Kuantan,Kuantan,3.811246,103.329952
Pahang,Kuantan,Kuantan,3.821887,103.332424
Pahang,Kuantan,Kuantan,3.816092,103.334245
Pahang,Kuantan,Kuantan,3.80463,103.335685
Pahang,Lipis,Lipis,4.2421,101.7062
Pahang,Lipis,Lipis,4.4365,101.9135
Pahang,Lipis,Lipis,4.178451,102.01952
Pahang,Lipis,Lipis,4.170351,102.037613
Pahang,Lipis,Lipis,4.1735,102.0437
Pahang,Lipis,Lipis,4.182,102.0532
Pahang,Lipis,Lipis,4.18158,102.054647
Pahang,Lipis,Lipis,4.172078,102.065617
Pahang,Lipis,Lipis,4.156537,102.074108
Pahang,Lipis,Lipis,4.20242,102.082691
Pahang,Lipis,Lipis,4.2476,102.0838
Pahang,Lipis,Lipis,4.0969,102.1964
Pahang,Maran,Maran,3.5217,102.6906
Pahang,Maran,Maran,3.582,102.7724
Pahang,Maran,Maran,3.59095,102.773375
Pahang,Maran,Maran,3.5411,102.7734
Pahang,Maran,Maran,3.57893,102.7746
Pahang,Maran,Maran,3.5855,102.778173
Pahang,Maran,Maran,3.580407,102.782051
Pahang,Maran,Maran,3.5838,102.7836
Pahang,Maran,Maran,3.583769,102.78889
Pahang,Maran,Maran,3.589422,102.790421
Pahang,Maran,Maran,3.5149,102.8307
Pahang,Maran,Maran,3.6595,102.8808
Pahang,Pekan,Pekan,3.5879,103.3496
Pahang,Pekan,Pekan,3.4878,103.3633
Pahang,Pekan,Pekan,3.484259,103.376047
Pahang,Pekan,Pekan,3.512074,103.380364
Pahang,Pekan,Pekan,3.5022,103.3817
Pahang,Pekan,Pekan,3.4892,103.3898
Pahang,Pekan,Pekan,3.478635,103.394444
Pahang,Pekan,Pekan,3.483168,103.400688
Pahang,Pekan,Pekan,3.515224,103.400756
Pahang,Pekan,Pekan,3.493164,103.403419
Pahang,Pekan,Pekan,3.1067,103.4038
Pahang,Pekan,Pekan,3.2184,103.4196
Pahang,Raub,Raub,4.0502,101.775
Pahang,Raub,Raub,3.9023,101.8093
Pahang,Raub,Raub,3.7269,101.8313
Pahang,Raub,Raub,3.808,101.8472
Pahang,Raub,Raub,3.791478,101.848995
Pahang,Raub,Raub,3.798018,101.850634
Pahang,Raub,Raub,3.785846,101.851605
Pahang,Raub,Raub,3.7956,101.8555
Pahang,Raub,Raub,3.797473,101.858402
Pahang,Raub,Raub,3.788813,101.859859
Pahang,Raub,Raub,3.792689,101.868356
Pahang,Raub,Raub,3.8571,101.9041
Pahang,Rompin,Tun Razak,2.961484,102.961484
Pahang,Rompin,Rompin,2.732938,103.122618
Pahang,Rompin,Rompin,2.7085,102.5053
Pahang,Rompin,Rompin,2.6946,102.5257
Pahang,Rompin,Rompin,3.1474,102.849
Pahang,Rompin,Tun Razak,3.0028,102.928633
Pahang,Rompin,Tun Razak,2.968633,102.951548
Pahang,Rompin,Tun Razak,2.924797,102.954043
Pahang,Rompin,Tun Razak,2.943353,102.983802
Pahang,Rompin,Tun Razak,2.968676,103.005104
Pahang,Rompin,Tun Razak,2.892305,103.008745
Pahang,Rompin,Tun Razak,3.0104,103.0136
Pahang,Rompin,Rompin,2.7497,103.055
Pahang,Rompin,Rompin,2.8807,103.219
Pahang,Rompin,Rompin,2.91805,103.226541
Pahang,Rompin,Rompin,2.869033,103.2351
Pahang,Rompin,Rompin,2.790031,103.245103
Pahang,Rompin,Rompin,2.884386,103.267
Pahang,Rompin,Rompin,2.906656,103.428421
Pahang,Rompin,Rompin,2.860986,103.436179
Pahang,Rompin,Rompin,2.831626,103.441078
Pahang,Rompin,Rompin,2.843859,103.445978
Pahang,Rompin,Rompin,2.74762,103.467208
Pahang,Rompin,Rompin,2.799367,103.486268
Pahang,Rompin,Rompin,2.757407,103.503137
Pahang,Rompin,Rompin,2.7158,103.5037
Pahang,Rompin,Rompin,2.768478,103.511005
Pahang,Rompin,Rompin,2.618,103.6015
Pahang,Temerloh,Temerloh,3.448793,102.411909
Pahang,Temerloh,Temerloh,3.448946,102.420738
Pahang,Temerloh,Temerloh,3.4487,102.3947
Pahang,Temerloh,Temerloh,3.446653,102.412828
Pahang,Temerloh,Temerloh,3.450219,102.413032
Pahang,Temerloh,Temerloh,3.449557,102.417268
Pahang,Temerloh,Temerloh,3.4508,102.4188
Pahang,Temerloh,Temerloh,3.4475,102.4189
Pahang,Temerloh,Temerloh,3.4475,102.4189
Pahang,Temerloh,Temerloh,3.438299,102.424005
Pahang,Temerloh,Temerloh,3.445023,102.428138
Pahang,Temerloh,Temerloh,3.5413,102.4407
Pahang,Temerloh,Temerloh,3.3829,102.4452
Pahang,Temerloh,Temerloh,3.4409,102.4912
Penang,Barat Daya Pulau Pinang,Balik Pulau,5.3593,100.2107
Penang,Barat Daya Pulau Pinang,Balik Pulau,5.348075,100.211522
Penang,Barat Daya Pulau Pinang,Balik Pulau,5.3415,100.2141
Penang,Barat Daya Pulau Pinang,Balik Pulau,5.343708,100.21517
Penang,Barat Daya Pulau Pinang,Balik Pulau,5.371042,100.219718
Penang,Barat Daya Pulau Pinang,Balik Pulau,5.3765,100.2203
Penang,Barat Daya Pulau Pinang,Balik Pulau,5.356067,100.222868
Penang,Barat Daya Pulau Pinang,Balik Pulau,5.3346,100.2282
Penang,Barat Daya Pulau Pinang,Balik Pulau,5.348759,100.229976
Penang,Barat Daya Pulau Pinang,Balik Pulau,5.359163,100.230525
Penang,Barat Daya Pulau Pinang,Balik Pulau,5.3494,100.2327
Penang,Barat Daya Pulau Pinang,Balik Pulau,5.3404,100.2368
Penang,Seberang Perai Selatan,Sungai Jawi,5.2554,100.42102
Penang,Seberang Perai Selatan,Sungai Jawi,5.243,100.424177
Penang,Seberang Perai Selatan,Sungai Jawi,5.23422,100.42885
Penang,Seberang Perai Selatan,Sungai Jawi,5.2495,100.4294
Penang,Seberang Perai Selatan,Sungai Jawi,5.2673,100.4522
Penang,Seberang Perai Selatan,Sungai Jawi,5.1819,100.481
Penang,Seberang Perai Selatan,Sungai Jawi,5.1538,100.4831
Penang,Seberang Perai Selatan,Sungai Jawi,5.2759,100.4831
Penang,Seberang Perai Selatan,Sungai Jawi,5.20833,100.484359
Penang,Seberang Perai Selatan,Sungai Jawi,5.20295,100.488668
Penang,Seberang Perai Selatan,Sungai Jawi,5.194428,100.490125
Penang,Seberang Perai Selatan,Sungai Jawi,5.218604,100.495102
Penang,Seberang Perai Selatan,Sungai Jawi,5.201258,100.495769
Penang,Seberang Perai Selatan,Sungai Jawi,5.224407,100.496133
Penang,Seberang Perai Selatan,Sungai Jawi,5.198659,100.496194
Penang,Seberang Perai Selatan,Sungai Jawi,5.205368,100.496862
Penang,Seberang Perai Selatan,Sungai Jawi,5.197873,100.501656
Penang,Seberang Perai Selatan,Sungai Jawi,5.2347,100.5085
Penang,Seberang Perai Selatan,Sungai Jawi,5.212379,100.509121
Penang,Seberang Perai Selatan,Sungai Jawi,5.2625,100.5106
Penang,Seberang Perai Tengah,Bukit Mertajam,5.3739,100.4214
Penang,Seberang Perai Tengah,Bukit Mertajam,5.363422,100.431536
Penang,Seberang Perai Tengah,Bukit Mertajam,5.369316,100.435083
Penang,Seberang Perai Tengah,Bukit Mertajam,5.371141,100.43778
Penang,Seberang Perai Tengah,Bukit Mertajam,5.3656,100.4466
Penang,Seberang Perai Tengah,Bukit Mertajam,5.417,100.45
Penang,Seberang Perai Tengah,Bukit Mertajam,5.359931,100.454092
Penang,Seberang Perai Tengah,Bukit Mertajam,5.36027,100.454558
Penang,Seberang Perai Tengah,Bukit Mertajam,5.365707,100.455681
Penang,Seberang Perai Tengah,Bukit Mertajam,5.366533,100.457829
Penang,Seberang Perai Tengah,Bukit Mertajam,5.360016,100.45785
Penang,Seberang Perai Tengah,Bukit Mertajam,5.36657,100.459075
Penang,Seberang Perai Tengah,Bukit Mertajam,5.365695,100.461044
Penang,Seberang Perai Tengah,Bukit Mertajam,5.4264,100.4617
Penang,Seberang Perai Tengah,Bukit Mertajam,5.3594,100.4634
Penang,Seberang Perai Tengah,Bukit Mertajam,5.358987,100.463727
Penang,Seberang Perai Tengah,Bukit Mertajam,5.371411,100.464081
Penang,Seberang Perai Tengah,Bukit Mertajam,5.3749,100.4667
Penang,Seberang Perai Tengah,Bukit Mertajam,5.4115,100.4668
Penang,Seberang Perai Tengah,Bukit Mertajam,5.327,100.473
Penang,Seberang Perai Tengah,Bukit Mertajam,5.3486,100.4835
Penang,Seberang Perai Tengah,Bukit Mertajam,5.343,100.486
Penang,Seberang Perai Tengah,Bukit Mertajam,5.3238,100.492
Penang,Seberang Perai Tengah,Bukit Mertajam,5.341,100.5134
Penang,Seberang Perai Utara,Kepala Batas,5.54,100.422
Penang,Seberang Perai Utara,Kepala Batas,5.513912,100.423937
Penang,Seberang Perai Utara,Kepala Batas,5.515658,100.424843
Penang,Seberang Perai Utara,Kepala Batas,5.517037,100.425344
Penang,Seberang Perai Utara,Kepala Batas,5.514696,100.425718
Penang,Seberang Perai Utara,Kepala Batas,5.512016,100.426848
Penang,Seberang Perai Utara,Kepala Batas,5.517148,100.430811
Penang,Seberang Perai Utara,Kepala Batas,5.518265,100.432615
Penang,Seberang Perai Utara,Kepala Batas,5.5149,100.434
Penang,Seberang Perai Utara,Kepala Batas,5.521863,100.437847
Penang,Seberang Perai Utara,Kepala Batas,5.4777,100.4389
Penang,Seberang Perai Utara,Kepala Batas,5.511508,100.438943
Penang,Seberang Perai Utara,Kepala Batas,5.516995,100.442413
Penang,Seberang Perai Utara,Kepala Batas,5.5023,100.4464
Penang,Seberang Perai Utara,Kepala Batas,5.517,100.4488
Penang,Seberang Perai Utara,Kepala Batas,5.53,100.4546
Penang,Seberang Perai Utara,Kepala Batas,5.5351,100.4649
Penang,Seberang Perai Utara,Kepala Batas,5.5261,100.465
Penang,Seberang Perai Utara,Kepala Batas,5.536,100.477
Penang,Seberang Perai Utara,Kepala Batas,5.528291,100.4776
Penang,Timur Laut Pulau Pinang,George Town,5.4406,100.2549
Penang,Timur Laut Pulau Pinang,George Town,5.4535,100.257
Penang,Timur Laut Pulau Pinang,George Town,5.4451,100.268
Penang,Timur Laut Pulau Pinang,George Town,5.37,100.281
Penang,Timur Laut Pulau Pinang,George Town,5.3977,100.3018
Penang,Timur Laut Pulau Pinang,George Town,5.3844,100.3046
Penang,Timur Laut Pulau Pinang,George Town,5.4271,100.3056
Penang,Timur Laut Pulau Pinang,George Town,5.432057,100.310163
Penang,Timur Laut Pulau Pinang,George Town,5.427818,100.31074
Penang,Timur Laut Pulau Pinang,George Town,5.4145,100.3129
Penang,Timur Laut Pulau Pinang,George Town,5.415819,100.313194
Penang,Timur Laut Pulau Pinang,George Town,5.411939,100.31572
Penang,Timur Laut Pulau Pinang,George Town,5.412468,100.316238
Penang,Timur Laut Pulau Pinang,George Town,5.4178,100.3204
Penang,Timur Laut Pulau Pinang,George Town,5.427962,100.321855
Penang,Timur Laut Pulau Pinang,George Town,5.412011,100.325752
Penang,Timur Laut Pulau Pinang,George Town,5.4182,100.3276
Penang,Timur Laut Pulau Pinang,George Town,5.416681,100.333259
Penang,Timur Laut Pulau Pinang,George Town,5.409352,100.336939
Penang,Timur Laut Pulau Pinang,George Town,5.419555,100.345023
Perak,Batang Padang,Tapah,4.208146,101.18772
Perak,Batang Padang,Tapah,4.113639,101.226172
Perak,Batang Padang,Tapah,4.2124,101.2381
Perak,Batang Padang,Tapah,4.2088,101.2566
Perak,Batang Padang,Tapah,4.1963,101.2591
Perak,Batang Padang,Tapah,4.1898,101.2617
Perak,Batang Padang,Tapah,4.1887,101.2652
Perak,Batang Padang,Tapah,3.988982,101.279731
Perak,Batang Padang,Tapah,4.2141,101.2914
Perak,Batang Padang,Tapah,4.206777,101.30033
Perak,Batang Padang,Tapah,4.171167,101.322303
Perak,Batang Padang,Tapah,4.071176,101.358008
Perak,Hilir Perak,Teluk Intan,4.057769,100.927971
Perak,Hilir Perak,Teluk Intan,4.034481,100.949944
Perak,Hilir Perak,Teluk Intan,3.989274,100.963677
Perak,Hilir Perak,Teluk Intan,4.0796,100.9675
Perak,Hilir Perak,Teluk Intan,4.0183,101.0063
Perak,Hilir Perak,Teluk Intan,3.9979,101.015
Perak,Hilir Perak,Teluk Intan,3.992013,101.022728
Perak,Hilir Perak,Teluk Intan,4.005713,101.024102
Perak,Hilir Perak,Teluk Intan,4.0486,101.0312
Perak,Hilir Perak,Teluk Intan,4.003,101.0362
Perak,Hilir Perak,Teluk Intan,4.059139,101.036461
Perak,Hilir Perak,Teluk Intan,4.0536,101.047
Perak,Hulu Perak,Lenggong,5.171,100.928
Perak,Hulu Perak,Lenggong,5.1382,100.9667
Perak,Hulu Perak,Lenggong,5,100.97
Perak,Hulu Perak,Lenggong,5.1013,100.971
Perak,Hulu Perak,Lenggong,5.078401,100.989213
Perak,Hulu Perak,Lenggong,5.282,101.03
Perak,Hulu Perak,Gerik,5.443709,101.035607
Perak,Hulu Perak,Lenggong,5.134121,101.035673
Perak,Hulu Perak,Lenggong,5.092079,101.06337
Perak,Hulu Perak,Gerik,5.409346,101.08809
Perak,Hulu Perak,Gerik,5.3848,101.1092
Perak,Hulu Perak,Gerik,5.399277,101.110451
Perak,Hulu Perak,Gerik,5.4456,101.1119
Perak,Hulu Perak,Lenggong,5.309,101.113
Perak,Hulu Perak,Lenggong,5.170367,101.115324
Perak,Hulu Perak,Gerik,5.421151,101.129677
Perak,Hulu Perak,Lenggong,5.137541,101.133863
Perak,Hulu Perak,Gerik,5.392939,101.145768
Perak,Hulu Perak,Gerik,5.3601,101.1469
Perak,Hulu Perak,Gerik,5.4928,101.149
Perak,Hulu Perak,Gerik,5.366463,101.167443
Perak,Hulu Perak,Gerik,5.4763,101.1772
Perak,Hulu Perak,Gerik,5.3902,101.1826
Perak,Hulu Perak,Lenggong,5.210713,101.089
Perak,Kampar,Kampar,4.32845,101.12447
Perak,Kampar,Kampar,4.2707,101.1338
Perak,Kampar,Kampar,4.2417,101.1396
Perak,Kampar,Kampar,4.3144,101.142
Perak,Kampar,Kampar,4.3239,101.1437
Perak,Kampar,Kampar,4.2862,101.145
Perak,Kampar,Kampar,4.2006,101.1533
Perak,Kampar,Kampar,4.302397,101.160977
Perak,Kampar,Kampar,4.300828,101.161729
Perak,Kampar,Kampar,4.300313,101.161826
Perak,Kampar,Kampar,4.287581,101.163329
Perak,Kampar,Kampar,4.292968,101.163572
Perak,Kerian,Parit Buntar,5.122233,100.438701
Perak,Kerian,Parit Buntar,5.1169,100.4626
Perak,Kerian,Parit Buntar,5.124285,100.462734
Perak,Kerian,Parit Buntar,5.119498,100.4696
Perak,Kerian,Parit Buntar,5.1149,100.477
Perak,Kerian,Parit Buntar,5.1281,100.4831
Perak,Kerian,Parit Buntar,5.07299,100.485393
Perak,Kerian,Parit Buntar,5.1057,100.489
Perak,Kerian,Parit Buntar,5.1078,100.4891
Perak,Kerian,Parit Buntar,5.1251,100.4892
Perak,Kerian,Parit Buntar,5.111291,100.503246
Perak,Kerian,Parit Buntar,5.07641,100.523158
Perak,Kinta,Ipoh,4.620562,101.067403
Perak,Kinta,Ipoh,4.6227,101.0675
Perak,Kinta,Ipoh,4.6517,101.0727
Perak,Kinta,Ipoh,4.5969,101.0753
Perak,Kinta,Ipoh,4.605162,101.07942
Perak,Kinta,Ipoh,4.582576,101.083196
Perak,Kinta,Ipoh,4.619535,101.090406
Perak,Kinta,Ipoh,4.6654,101.095
Perak,Kinta,Ipoh,4.628,101.0969
Perak,Kinta,Ipoh,4.5977,101.1074
Perak,Kinta,Ipoh,4.551709,101.113635
Perak,Kinta,Ipoh,4.602082,101.113752
Perak,Kuala Kangsar,Kuala Kangsar,4.774154,100.909968
Perak,Kuala Kangsar,Kuala Kangsar,4.7704,100.916
Perak,Kuala Kangsar,Kuala Kangsar,4.772607,100.922911
Perak,Kuala Kangsar,Kuala Kangsar,4.789045,100.928865
Perak,Kuala Kangsar,Kuala Kangsar,4.7701,100.9311
Perak,Kuala Kangsar,Kuala Kangsar,4.7501,100.9336
Perak,Kuala Kangsar,Kuala Kangsar,4.7821,100.9343
Perak,Kuala Kangsar,Kuala Kangsar,4.778758,100.936817
Perak,Kuala Kangsar,Kuala Kangsar,4.780771,100.937395
Perak,Kuala Kangsar,Kuala Kangsar,4.770702,100.941436
Perak,Kuala Kangsar,Kuala Kangsar,4.772602,100.941896
Perak,Kuala Kangsar,Kuala Kangsar,4.7668,100.9476
Perak,Kuala Kangsar,Kuala Kangsar,4.77473,100.948943
Perak,Kuala Kangsar,Kuala Kangsar,4.761208,100.952984
Perak,Kuala Kangsar,Kuala Kangsar,4.7873,100.956
Perak,Kuala Kangsar,Kuala Kangsar,4.883,101.2
Perak,Kuala Kangsar,Kuala Kangsar,4.832,101.2554
Perak,Kuala Kangsar,Kuala Kangsar,4.9366,101.258
Perak,Larut; Matang & Selama,Taiping,4.856419,100.677345
Perak,Larut; Matang & Selama,Taiping,4.833261,100.686872
Perak,Larut; Matang & Selama,Taiping,4.853111,100.68947
Perak,Larut; Matang & Selama,Taiping,4.84269,100.695751
Perak,Larut; Matang & Selama,Taiping,4.846108,100.696696
Perak,Larut; Matang & Selama,Taiping,4.848908,100.701014
Perak,Larut; Matang & Selama,Taiping,4.667,100.7013
Perak,Larut; Matang & Selama,Taiping,4.865049,100.703616
Perak,Larut; Matang & Selama,Taiping,4.59,100.705
Perak,Larut; Matang & Selama,Taiping,4.8434,100.7087
Perak,Larut; Matang & Selama,Taiping,4.839303,100.718917
Perak,Larut; Matang & Selama,Taiping,4.8849,100.7326
Perak,Larut; Matang & Selama,Taiping,4.8636,100.733
Perak,Larut; Matang & Selama,Taiping,4.8533,100.7335
Perak,Larut; Matang & Selama,Taiping,4.6244,100.735
Perak,Larut; Matang & Selama,Taiping,4.845056,100.737105
Perak,Larut; Matang & Selama,Taiping,4.8584,100.7396
Perak,Larut; Matang & Selama,Taiping,4.8495,100.7405
Perak,Manjung,Seri Manjung,4.4,100.612
Perak,Manjung,Seri Manjung,4.35,100.6155
Perak,Manjung,Seri Manjung,4.1809,100.6397
Perak,Manjung,Seri Manjung,4.35,100.644
Perak,Manjung,Seri Manjung,4.210468,100.651397
Perak,Manjung,Seri Manjung,4.1924,100.6569
Perak,Manjung,Seri Manjung,4.193901,100.657871
Perak,Manjung,Seri Manjung,4.201972,100.658133
Perak,Manjung,Seri Manjung,4.19812,100.663857
Perak,Manjung,Seri Manjung,4.1845,100.6643
Perak,Manjung,Seri Manjung,4.200195,100.664588
Perak,Manjung,Seri Manjung,4.1962,100.6646
Perak,Manjung,Seri Manjung,4.205383,100.666514
Perak,Manjung,Seri Manjung,4.217187,100.668043
Perak,Manjung,Seri Manjung,4.2144,100.6685
Perak,Manjung,Seri Manjung,4.2197,100.6703
Perak,Manjung,Seri Manjung,4.206803,100.670621
Perak,Manjung,Seri Manjung,4.206368,100.670705
Perak,Manjung,Seri Manjung,4.201972,100.671428
Perak,Manjung,Seri Manjung,4.199683,100.671712
Perak,Manjung,Seri Manjung,4.205551,100.672319
Perak,Manjung,Seri Manjung,4.204345,100.672977
Perak,Manjung,Seri Manjung,4.463,100.739
Perak,Manjung,Seri Manjung,4.362,100.741
Perak,Manjung,Seri Manjung,4.4335,100.7425
Perak,Manjung,Seri Manjung,4.321,100.747
Perak,Muallim,Tanjung Malim,3.8348,101.4085
Perak,Muallim,Tanjung Malim,3.874,101.4107
Perak,Muallim,Tanjung Malim,3.8973,101.4478
Perak,Muallim,Tanjung Malim,3.8774,101.487
Perak,Muallim,Tanjung Malim,3.8027,101.5012
Perak,Muallim,Tanjung Malim,3.7046,101.5054
Perak,Muallim,Tanjung Malim,3.7025,101.5105
Perak,Muallim,Tanjung Malim,3.685609,101.517222
Perak,Muallim,Tanjung Malim,3.684717,101.518493
Perak,Muallim,Tanjung Malim,3.683477,101.520156
Perak,Muallim,Tanjung Malim,3.6936,101.5202
Perak,Muallim,Tanjung Malim,3.682896,101.520226
Perak,Muallim,Tanjung Malim,3.683069,101.520791
Perak,Muallim,Tanjung Malim,3.682438,101.521237
Perak,Muallim,Tanjung Malim,3.682353,101.521593
Perak,Muallim,Tanjung Malim,3.689339,101.52232
Perak,Muallim,Tanjung Malim,3.682785,101.526181
Perak,Muallim,Tanjung Malim,3.6857,101.5265
Perak,Perak Tengah,Seri Iskandar,4.372782,100.94578
Perak,Perak Tengah,Seri Iskandar,4.366,100.9546
Perak,Perak Tengah,Seri Iskandar,4.3684,100.9589
Perak,Perak Tengah,Seri Iskandar,4.3657,100.9592
Perak,Perak Tengah,Seri Iskandar,4.3533,100.961
Perak,Perak Tengah,Seri Iskandar,4.357773,100.964792
Perak,Perak Tengah,Seri Iskandar,4.357546,100.967574
Perak,Perak Tengah,Seri Iskandar,4.381969,100.969729
Perak,Perak Tengah,Seri Iskandar,4.365476,100.980328
Perak,Perak Tengah,Seri Iskandar,4.3637,100.9811
Perak,Perak Tengah,Seri Iskandar,4.3646,100.9834
Perak,Perak Tengah,Seri Iskandar,4.361368,100.98728
Perlis,Arau,Arau,6.3906,100.2511
Perlis,Arau,Arau,6.4311,100.2531
Perlis,Arau,Arau,6.433,100.2604
Perlis,Arau,Arau,6.4256,100.2893
Perlis,Arau,Arau,6.4345,100.3142
Perlis,Arau,Arau,6.4399,100.3308
Perlis,Kangar,Kangar,6.462,100.1685
Perlis,Kangar,Kangar,6.4416,100.1922
Perlis,Kangar,Kangar,6.4396,100.1926
Perlis,Kangar,Kangar,6.4497,100.1981
Perlis,Kangar,Kangar,6.4465,100.203
Perlis,Kangar,Kangar,6.5106,100.2535
Perlis,Kuala Perlis,Kuala Perlis,6.3968,100.1296
Perlis,Kuala Perlis,Kuala Perlis,6.4056,100.1464
Perlis,Kuala Perlis,Kuala Perlis,6.3865,100.1469
Perlis,Kuala Perlis,Kuala Perlis,6.4072,100.1491
Perlis,Kuala Perlis,Kuala Perlis,6.4151,100.1492
Perlis,Kuala Perlis,Kuala Perlis,6.3919,100.1603
Perlis,Padang Besar,Padang Besar,6.6999,100.2097
Perlis,Padang Besar,Padang Besar,6.6543,100.2545
Perlis,Padang Besar,Padang Besar,6.6325,100.2721
Perlis,Padang Besar,Padang Besar,6.6551,100.2802
Perlis,Padang Besar,Padang Besar,6.6624,100.2852
Perlis,Padang Besar,Padang Besar,6.6605,100.3115
Sabah,Beaufort,Beaufort,5.1752,115.6558
Sabah,Beaufort,Beaufort,5.2785,115.7155
Sabah,Beaufort,Beaufort,5.2901,115.7389
Sabah,Beaufort,Beaufort,5.3988,115.8851
Sabah,Beluran,Beluran,5.724,117.0953
Sabah,Beluran,Beluran,5.7008,117.2422
Sabah,Beluran,Beluran,5.8887,117.4215
Sabah,Beluran,Beluran,5.7951,117.5306
Sabah,Keningau,Keningau,5.1316,116.1109
Sabah,Keningau,Keningau,5.375,116.1947
Sabah,Keningau,Keningau,5.0837,116.2592
Sabah,Keningau,Keningau,5.2027,116.3828
Sabah,Kinabatangan,Kinabatangan,5.3412,116.9476
Sabah,Kinabatangan,Kinabatangan,5.5654,117.354
Sabah,Kinabatangan,Kinabatangan,5.4451,117.8265
Sabah,Kinabatangan,Kinabatangan,5.4069,118.4307
Sabah,Kota Belut,Kota Belut,6.3825,116.4475
Sabah,Kota Belut,Kota Belut,6.4494,116.4619
Sabah,Kota Belut,Kota Belut,6.3491,116.4742
Sabah,Kota Belut,Kota Belut,6.3511,116.556
Sabah,Kota Kinabalu,Kota Kinabalu,5.9587,116.0825
Sabah,Kota Kinabalu,Kota Kinabalu,6.0943,116.1429
Sabah,Kota Kinabalu,Kota Kinabalu,6.0257,116.1522
Sabah,Kota Kinabalu,Kota Kinabalu,6.0998,116.179
Sabah,Kota Marudu,Kota Marudu,6.6491,116.7299
Sabah,Kota Marudu,Kota Marudu,6.4717,116.8329
Sabah,Kota Marudu,Kota Marudu,6.7827,117.1405
Sabah,Kota Marudu,Kota Marudu,6.6682,117.1927
Sabah,Kuala Penyu,Kuala Penyu,5.4317,115.4671
Sabah,Kuala Penyu,Kuala Penyu,5.4501,115.5368
Sabah,Kuala Penyu,Kuala Penyu,5.5414,115.5594
Sabah,Kuala Penyu,Kuala Penyu,5.5575,115.5686
Sabah,Kuala Penyu,Kuala Penyu,5.486,115.5889
Sabah,Kuala Penyu,Kuala Penyu,5.5689,115.5961
Sabah,Kudat,Kudat,6.7969,116.6665
Sabah,Kudat,Kudat,6.9244,116.7097
Sabah,Kudat,Kudat,6.7424,116.7502
Sabah,Kudat,Kudat,6.8433,116.8251
Sabah,Kudat,Kudat,6.9067,116.8405
Sabah,Kudat,Kudat,6.8835,116.8499
Sabah,Kunak,Kunak,4.7517,117.9011
Sabah,Kunak,Kunak,4.7209,118.0433
Sabah,Kunak,Kunak,4.7989,118.0694
Sabah,Kunak,Kunak,4.647,118.1724
Sabah,Kunak,Kunak,4.6795,118.234
Sabah,Kunak,Kunak,4.6842,118.2448
Sabah,Lahad Datu,Lahad Datu,5.1293,117.7492
Sabah,Lahad Datu,Lahad Datu,5.0896,118.2107
Sabah,Lahad Datu,Lahad Datu,5.0274,118.3169
Sabah,Lahad Datu,Lahad Datu,5.0256,118.3282
Sabah,Lahad Datu,Lahad Datu,5.0568,118.5361
Sabah,Lahad Datu,Lahad Datu,5.1867,119.0566
Sabah,Nabawan,Nabawan,5.0542,116.3494
Sabah,Nabawan,Nabawan,5.0409,116.4267
Sabah,Nabawan,Nabawan,5.045,116.4349
Sabah,Nabawan,Nabawan,5.0399,116.4458
Sabah,Nabawan,Nabawan,4.9674,116.452
Sabah,Nabawan,Nabawan,5.0539,116.508
Sabah,Papar,Papar,5.7346,115.9307
Sabah,Papar,Papar,5.5986,115.9327
Sabah,Papar,Papar,5.7308,115.9353
Sabah,Papar,Papar,5.6987,115.977
Sabah,Papar,Papar,5.8111,116.0289
Sabah,Papar,Papar,5.7267,116.0903
Sabah,Penampang,Penampang,5.9167,116.0701
Sabah,Penampang,Penampang,5.9146,116.099
Sabah,Penampang,Penampang,5.8764,116.101
Sabah,Penampang,Penampang,5.9137,116.1085
Sabah,Penampang,Penampang,5.9324,116.1313
Sabah,Pitas,Pitas,6.7036,117.0309
Sabah,Pitas,Pitas,6.7116,117.033
Sabah,Pitas,Pitas,6.7028,117.0441
Sabah,Pitas,Pitas,6.7144,117.049
Sabah,Pitas,Pitas,6.733,117.053
Sabah,Pitas,Pitas,6.708,117.0681
Sabah,Putatan,Putatan,5.8962,116.0403
Sabah,Putatan,Putatan,5.897,116.0416
Sabah,Putatan,Putatan,5.8932,116.0427
Sabah,Putatan,Putatan,5.8916,116.0454
Sabah,Putatan,Putatan,5.8979,116.0457
Sabah,Putatan,Putatan,5.885,116.05
Sabah,Ranau,Ranau,5.9531,116.6616
Sabah,Ranau,Ranau,5.9537,116.6688
Sabah,Ranau,Ranau,5.9366,116.6774
Sabah,Ranau,Ranau,6.0171,116.7419
Sabah,Ranau,Ranau,5.7446,116.8161
Sabah,Ranau,Ranau,5.9755,116.8257
Sarawak,Asajaya,Asajaya,1.5407,110.5142
Sarawak,Asajaya,Asajaya,1.5459,110.5236
Sarawak,Asajaya,Asajaya,1.5146,110.5364
Sarawak,Asajaya,Asajaya,1.5441,110.6569
Sarawak,Asajaya,Asajaya,1.5005,110.6666
Sarawak,Asajaya,Asajaya,1.4772,110.6861
Sarawak,Bau,Bau,1.3376,109.981
Sarawak,Bau,Bau,1.4217,110.0304
Sarawak,Bau,Bau,1.4258,110.1091
Sarawak,Bau,Bau,1.4235,110.1551
Sarawak,Bau,Bau,1.4162,110.1559
Sarawak,Bau,Bau,1.3558,110.1983
Sarawak,Belaga,Belaga,2.9284,113.7999
Sarawak,Belaga,Belaga,3.0456,113.9158
Sarawak,Belaga,Belaga,3.0529,113.9207
Sarawak,Belaga,Belaga,3.1094,113.9249
Sarawak,Belaga,Belaga,3.2904,114.0719
Sarawak,Belaga,Belaga,2.8159,114.4426
Sarawak,Betong,Betong,1.4156,111.5138
Sarawak,Betong,Betong,1.4106,111.5264
Sarawak,Betong,Betong,1.402,111.5288
Sarawak,Betong,Betong,1.314,111.5763
Sarawak,Betong,Betong,1.4105,111.6044
Sarawak,Betong,Betong,1.4644,111.6233
Sarawak,Bintulu,Bintulu,3.176,113.0413
Sarawak,Bintulu,Bintulu,3.1727,113.0416
Sarawak,Bintulu,Bintulu,2.7224,113.3289
Sarawak,Bintulu,Bintulu,3.5972,113.3894
Sarawak,Bintulu,Bintulu,3.3957,113.5748
Sarawak,Bintulu,Bintulu,3.3642,113.9771
Sarawak,Dalat,Dalat,2.8637,111.8398
Sarawak,Dalat,Dalat,2.7405,111.939
Sarawak,Dalat,Dalat,2.744,111.9444
Sarawak,Dalat,Dalat,2.6381,112.1351
Sarawak,Dalat,Dalat,2.3534,112.1557
Sarawak,Dalat,Dalat,2.4583,112.1948
Sarawak,Daro,Daro,2.6831,111.2937
Sarawak,Daro,Daro,2.5113,111.3493
Sarawak,Daro,Daro,2.6715,111.4317
Sarawak,Daro,Daro,2.5122,111.4323
Sarawak,Daro,Daro,2.5059,111.4502
Sarawak,Daro,Daro,2.4883,111.5189
Sarawak,Julau,Julau,1.9804,111.748
Sarawak,Julau,Julau,1.802,111.8194
Sarawak,Julau,Julau,2.0287,111.912
Sarawak,Julau,Julau,2.025,111.9175
Sarawak,Julau,Julau,1.7992,111.9197
Sarawak,Julau,Julau,2.0545,111.9595
Sarawak,Kanowit,Kanowit,2.0335,111.9956
Sarawak,Kanowit,Kanowit,1.8867,112.1411
Sarawak,Kanowit,Kanowit,2.1014,112.1474
Sarawak,Kanowit,Kanowit,2.1015,112.1573
Sarawak,Kanowit,Kanowit,2.1653,112.2826
Sarawak,Kanowit,Kanowit,2.087,112.3389
Sarawak,Kapit,Kapit,1.9737,112.8569
Sarawak,Kapit,Kapit,2.0153,112.9403
Sarawak,Kapit,Kapit,2.0167,112.9414
Sarawak,Kapit,Kapit,1.6178,113.0678
Sarawak,Kapit,Kapit,1.9363,113.0941
Sarawak,Kapit,Kapit,1.9109,113.576
Sarawak,Kuching,Kuching,1.4576,110.3009
Sarawak,Kuching,Kuching,1.5554,110.327
Sarawak,Kuching,Kuching,1.7208,110.3425
Sarawak,Kuching,Kuching,1.5864,110.3535
Sarawak,Kuching,Kuching,1.5853,110.372
Sarawak,Kuching,Kuching,1.6337,110.4523
Sarawak,Lawas,Lawas,4.699,115.3365
Sarawak,Lawas,Lawas,4.8535,115.4009
Sarawak,Lawas,Lawas,4.8612,115.4101
Sarawak,Lawas,Lawas,4.9228,115.4683
Sarawak,Lawas,Lawas,4.491,115.4821
Sarawak,Lawas,Lawas,4.7859,115.5329
Sarawak,Limbang,Limbang,4.627,114.825
Sarawak,Limbang,Limbang,4.7549,114.8559
Sarawak,Limbang,Limbang,4.7579,115.0078
Sarawak,Limbang,Limbang,4.755,115.0096
Sarawak,Limbang,Limbang,4.4538,115.0571
Sarawak,Limbang,Limbang,4.0734,115.3149
Sarawak,Lubok Antu,Lubok Antu,1.1487,111.6611
Sarawak,Lubok Antu,Lubok Antu,1.1363,111.6688
Sarawak,Lubok Antu,Lubok Antu,1.2397,111.8251
Sarawak,Lubok Antu,Lubok Antu,1.0104,111.8339
Sarawak,Lubok Antu,Lubok Antu,1.0887,111.8828
Sarawak,Lubok Antu,Lubok Antu,1.2315,111.9499
Sarawak,Lundu,Lundu,1.7497,109.7889
Sarawak,Lundu,Lundu,1.5425,109.8411
Sarawak,Lundu,Lundu,1.6832,109.8514
Sarawak,Lundu,Lundu,1.6713,109.854
Sarawak,Lundu,Lundu,1.6379,109.9571
Sarawak,Lundu,Lundu,1.6214,110.1047
Sarawak,Maradong,Maradong,2.2324,111.5223
Sarawak,Maradong,Maradong,2.2077,111.6266
Sarawak,Maradong,Maradong,2.1686,111.6345
Sarawak,Maradong,Maradong,2.1703,111.6362
Sarawak,Maradong,Maradong,2.067,111.7022
Sarawak,Maradong,Maradong,2.1267,111.7701
Sarawak,Marudi,Marudi,4.3356,114.2659
Sarawak,Marudi,Marudi,4.2913,114.2963
Sarawak,Marudi,Marudi,4.1788,114.3197
Sarawak,Marudi,Marudi,4.1783,114.3265
Sarawak,Marudi,Marudi,4.2458,114.4409
Sarawak,Marudi,Marudi,4.0983,114.4578
Sarawak,Matu,Matu,2.6377,111.5187
Sarawak,Matu,Matu,2.6697,111.5398
Sarawak,Matu,Matu,2.672,111.5627
Sarawak,Matu,Matu,2.7158,111.5659
Sarawak,Matu,Matu,2.7382,111.6362
Sarawak,Matu,Matu,2.7948,111.6835
Sarawak,Miri,Miri,3.7495,113.7874
Sarawak,Miri,Miri,3.6056,113.8107
Sarawak,Miri,Miri,4.4011,113.992
Sarawak,Miri,Miri,4.3967,113.9931
Sarawak,Miri,Miri,4.3088,114.0175
Sarawak,Miri,Miri,4.5411,114.1185
Sarawak,Mukah,Mukah,2.8395,112.049
Sarawak,Mukah,Mukah,2.8973,112.0893
Sarawak,Mukah,Mukah,2.8949,112.0915
Sarawak,Mukah,Mukah,2.6077,112.2148
Sarawak,Mukah,Mukah,2.9047,112.2649
Sarawak,Mukah,Mukah,2.7778,112.3116
Sarawak,Padawan,Padawan,1.4261,110.3249
Sarawak,Padawan,Padawan,1.4274,110.3257
Sarawak,Padawan,Padawan,1.425,110.3265
Sarawak,Padawan,Padawan,1.4241,110.3267
Sarawak,Padawan,Padawan,1.4254,110.3273
Sarawak,Padawan,Padawan,1.4289,110.3276
Sarawak,Pakan,Pakan,1.9042,111.5955
Sarawak,Pakan,Pakan,1.8941,111.6798
Sarawak,Pakan,Pakan,1.8952,111.6804
Sarawak,Pakan,Pakan,1.9708,111.6848
Sarawak,Pakan,Pakan,1.7615,111.6857
Sarawak,Pakan,Pakan,1.8603,111.7081
Sarawak,Samarahan,Samarahan,1.4893,110.4073
Sarawak,Samarahan,Samarahan,1.3823,110.4359
Sarawak,Samarahan,Samarahan,1.4381,110.4571
Sarawak,Samarahan,Samarahan,1.4592,110.477
Sarawak,Samarahan,Samarahan,1.4598,110.4955
Sarawak,Samarahan,Samarahan,1.4605,110.6323
Sarawak,Saratok,Saratok,1.7159,111.3008
Sarawak,Saratok,Saratok,1.7513,111.3026
Sarawak,Saratok,Saratok,1.7913,111.3121
Sarawak,Saratok,Saratok,1.7486,111.3362
Sarawak,Saratok,Saratok,1.7384,111.3377
Sarawak,Saratok,Saratok,1.753,111.3414
Sarawak,Sarikei,Sarikei,2.0919,111.3727
Sarawak,Sarikei,Sarikei,2.0315,111.5108
Sarawak,Sarikei,Sarikei,2.1312,111.5221
Sarawak,Sarikei,Sarikei,2.1304,111.5247
Sarawak,Sarikei,Sarikei,2.1192,111.528
Sarawak,Sarikei,Sarikei,2.1179,111.5693
Sarawak,Selagau,Selangau,2.5243,112.325
Sarawak,Selagau,Selangau,2.5251,112.3256
Sarawak,Selagau,Selangau,2.5232,112.3258
Sarawak,Selagau,Selangau,2.5225,112.3261
Sarawak,Selagau,Selangau,2.5246,112.3262
Sarawak,Selagau,Selangau,2.5231,112.327
Sarawak,Serian,Serian,1.2628,110.5391
Sarawak,Serian,Serian,1.1672,110.5664
Sarawak,Serian,Serian,1.1731,110.5672
Sarawak,Serian,Serian,1.2155,110.5741
Sarawak,Serian,Serian,1.0507,110.5796
Sarawak,Serian,Serian,1.164,110.6538
Sarawak,Sibu,Sibu,2.3315,111.6969
Sarawak,Sibu,Sibu,2.2956,111.824
Sarawak,Sibu,Sibu,2.2931,111.842
Sarawak,Sibu,Sibu,2.3027,111.8864
Sarawak,Sibu,Sibu,2.4632,111.8946
Sarawak,Sibu,Sibu,2.1284,111.9029
Sarawak,Simunjan,Simunjan,1.2381,110.7714
Sarawak,Simunjan,Simunjan,1.0871,110.8881
Sarawak,Simunjan,Simunjan,1.186,110.9033
Sarawak,Simunjan,Simunjan,1.1973,110.9248
Sarawak,Simunjan,Simunjan,1.1246,110.9326
Sarawak,Simunjan,Simunjan,1.0823,110.9633
Sarawak,Song,Song,2.0002,112.5413
Sarawak,Song,Song,2.0075,112.5482
Sarawak,Song,Song,2.0005,112.549
Sarawak,Song,Song,1.6475,112.6978
Sarawak,Song,Song,1.8396,112.7143
Sarawak,Song,Song,1.7051,112.7747
Sarawak,Sri Aman,Sri Aman,1.2713,111.3821
Sarawak,Sri Aman,Sri Aman,1.1862,111.4494
Sarawak,Sri Aman,Sri Aman,1.2307,111.4561
Sarawak,Sri Aman,Sri Aman,1.2341,111.4634
Sarawak,Sri Aman,Sri Aman,1.2967,111.4906
Sarawak,Sri Aman,Sri Aman,1.2027,111.5146
Sarawak,Tatau,Tatau,3.0045,112.8478
Sarawak,Tatau,Tatau,2.8888,112.8486
Sarawak,Tatau,Tatau,2.8779,112.8506
Sarawak,Tatau,Tatau,2.8711,112.8515
Sarawak,Tatau,Tatau,2.8804,112.8545
Sarawak,Tatau,Tatau,2.9105,112.8581
Selangor,Gombak,Rawang,3.2826,101.5263
Selangor,Gombak,Rawang,3.2394,101.5407
Selangor,Gombak,Rawang,3.3192,101.5745
Selangor,Gombak,Rawang,3.31192,101.57952
Selangor,Gombak,Rawang,3.325116,101.581345
Selangor,Gombak,Rawang,3.3132,101.58653
Selangor,Gombak,Rawang,3.312745,101.595481
Selangor,Gombak,Rawang,3.3004,101.6403
Selangor,Gombak,Rawang,3.2638,101.6843
Selangor,Gombak,Rawang,3.321731,101.089
Selangor,Hulu Bernam,Hulu Bernam,3.677772,101.386577
Selangor,Hulu Bernam,Hulu Bernam,3.7236,101.3889
Selangor,Hulu Bernam,Hulu Bernam,3.7018,101.3918
Selangor,Hulu Bernam,Hulu Bernam,3.6608,101.397
Selangor,Hulu Bernam,Hulu Bernam,3.7107,101.4308
Selangor,Hulu Bernam,Hulu Bernam,3.65209,101.449532
Selangor,Hulu Bernam,Hulu Bernam,3.65,101.4746
Selangor,Hulu Bernam,Hulu Bernam,3.630702,101.507358
Selangor,Hulu Bernam,Hulu Bernam,3.710771,101.572438
Selangor,Hulu Bernam,Hulu Bernam,3.68058,101.585301
Selangor,Hulu Langat,Hulu Langat,3.0904,101.7935
Selangor,Hulu Langat,Hulu Langat,3.116059,101.810513
Selangor,Hulu Langat,Hulu Langat,3.117392,101.817009
Selangor,Hulu Langat,Hulu Langat,3.11278,101.819643
Selangor,Hulu Langat,Hulu Langat,3.124848,101.822201
Selangor,Hulu Langat,Hulu Langat,3.117637,101.823477
Selangor,Hulu Langat,Hulu Langat,3.1284,101.8279
Selangor,Hulu Langat,Hulu Langat,3.1355,101.8349
Selangor,Hulu Langat,Hulu Langat,3.1997,101.8567
Selangor,Hulu Langat,Hulu Langat,3.1593,101.8911
Selangor,Hulu Selangor,Kuala Kubu Baru,3.566212,101.650517
Selangor,Hulu Selangor,Kuala Kubu Baru,3.5628,101.656
Selangor,Hulu Selangor,Kuala Kubu Baru,3.5617,101.6572
Selangor,Hulu Selangor,Kuala Kubu Baru,3.557603,101.657713
Selangor,Hulu Selangor,Kuala Kubu Baru,3.5621,101.6588
Selangor,Hulu Selangor,Kuala Kubu Baru,3.575075,101.659806
Selangor,Hulu Selangor,Kuala Kubu Baru,3.5635,101.6607
Selangor,Hulu Selangor,Kuala Kubu Baru,3.566466,101.662051
Selangor,Hulu Selangor,Kuala Kubu Baru,3.564989,101.668788
Selangor,Hulu Selangor,Kuala Kubu Baru,3.5736,101.6729
Selangor,Klang,Klang,3.0426,101.4208
Selangor,Klang,Klang,3.0693,101.4247
Selangor,Klang,Klang,3.047138,101.435094
Selangor,Klang,Klang,3.04332,101.43819
Selangor,Klang,Klang,3.0453,101.4449
Selangor,Klang,Klang,3.031562,101.447172
Selangor,Klang,Klang,3.044471,101.447597
Selangor,Klang,Klang,3.050714,101.4496
Selangor,Klang,Klang,3.0239,101.4591
Selangor,Klang,Klang,3.0534,101.4678
Selangor,Kuala Langat,Banting,2.877,101.3142
Selangor,Kuala Langat,Banting,2.798539,101.49348
Selangor,Kuala Langat,Banting,2.936,101.4941
Selangor,Kuala Langat,Banting,2.808355,101.497322
Selangor,Kuala Langat,Banting,2.8002,101.501
Selangor,Kuala Langat,Banting,2.815347,101.501003
Selangor,Kuala Langat,Banting,2.815,101.5061
Selangor,Kuala Langat,Banting,2.811455,101.509303
Selangor,Kuala Langat,Banting,2.820898,101.515871
Selangor,Kuala Langat,Banting,2.8866,101.5449
Selangor,Kuala Selangor,Sekinchan,3.558,101.08
Selangor,Kuala Selangor,Sekinchan,3.525,101.12
Selangor,Kuala Selangor,Sekinchan,3.5919,101.127
Selangor,Kuala Selangor,Sekinchan,3.46,101.128
Selangor,Kuala Selangor,Sekinchan,3.534833,101.1576
Selangor,Kuala Selangor,Kuala Selangor,3.335555,101.24994
Selangor,Kuala Selangor,Kuala Selangor,3.3322,101.2501
Selangor,Kuala Selangor,Kuala Selangor,3.339797,101.251275
Selangor,Kuala Selangor,Kuala Selangor,3.3884,101.2557
Selangor,Kuala Selangor,Kuala Selangor,3.33295,101.255736
Selangor,Kuala Selangor,Kuala Selangor,3.328376,101.258285
Selangor,Kuala Selangor,Kuala Selangor,3.330133,101.26311
Selangor,Kuala Selangor,Kuala Selangor,3.3494,101.2847
Selangor,Kuala Selangor,Kuala Selangor,3.3355,101.2976
Selangor,Kuala Selangor,Kuala Selangor,3.3574,101.3154
Selangor,Petaling,Shah Alam,3.067605,101.481994
Selangor,Petaling,Shah Alam,3.092206,101.4864
Selangor,Petaling,Shah Alam,3.0584,101.4939
Selangor,Petaling,Sg Buloh,3.205,101.499
Selangor,Petaling,Shah Alam,3.1349,101.5051
Selangor,Petaling,Shah Alam,3.086693,101.51075
Selangor,Petaling,Shah Alam,3.1064,101.515
Selangor,Petaling,Shah Alam,3.036081,101.518569
Selangor,Petaling,Shah Alam,3.070311,101.518746
Selangor,Petaling,Shah Alam,3.0415,101.521
Selangor,Petaling,Shah Alam,3.081808,101.524998
Selangor,Petaling,Shah Alam,3.048317,101.525676
Selangor,Petaling,Shah Alam,3.059438,101.530491
Selangor,Petaling,Shah Alam,3.027436,101.538889
Selangor,Petaling,Sg Buloh,3.1979,101.5406
Selangor,Petaling,Shah Alam,3.047,101.543
Selangor,Petaling,Sg Buloh,3.1733,101.5449
Selangor,Petaling,Shah Alam,3.090157,101.546923
Selangor,Petaling,Sg Buloh,3.231,101.552
Selangor,Petaling,Sg Buloh,3.226817,101.555838
Selangor,Petaling,Damansara,3.1229,101.556
Selangor,Petaling,Sg Buloh,3.212906,101.55648
Selangor,Petaling,Sg Buloh,3.200018,101.558605
Selangor,Petaling,Shah Alam,3.1061,101.56
Selangor,Petaling,Sg Buloh,3.207605,101.563295
Selangor,Petaling,Shah Alam,3.0046,101.5669
Selangor,Petaling,Sg Buloh,3.217926,101.571533
Selangor,Petaling,Damansara,3.1419,101.575
Selangor,Petaling,Sg Buloh,3.1973,101.579
Selangor,Petaling,Damansara,3.192129,101.591966
Selangor,Petaling,Damansara,3.1604,101.599
Selangor,Petaling,Damansara,3.192355,101.599282
Selangor,Petaling,Damansara,3.182345,101.600081
Selangor,Petaling,Damansara,3.158,101.6033
Selangor,Petaling,Damansara,3.1217,101.612
Selangor,Petaling,Damansara,3.188477,101.614212
Selangor,Petaling,Damansara,3.195084,101.616157
Selangor,Petaling,Shah Alam,3.1198,101.6369
Selangor,Sabak Bernam,Sabak Bernam,3.77644,100.869911
Selangor,Sabak Bernam,Sabak Bernam,3.787745,100.89463
Selangor,Sabak Bernam,Sabak Bernam,3.695245,100.932739
Selangor,Sabak Bernam,Sabak Bernam,3.75,100.937
Selangor,Sabak Bernam,Sabak Bernam,3.722019,100.9427
Selangor,Sabak Bernam,Sabak Bernam,3.768218,100.948189
Selangor,Sabak Bernam,Sabak Bernam,3.802818,100.963295
Selangor,Sabak Bernam,Sabak Bernam,3.73623,100.964
Selangor,Sabak Bernam,Sabak Bernam,3.761384,100.965156
Selangor,Sabak Bernam,Sabak Bernam,3.761366,100.969131
Selangor,Sabak Bernam,Sabak Bernam,3.7626,100.9878
Selangor,Sabak Bernam,Sabak Bernam,3.76582,100.989731
Selangor,Sabak Bernam,Sabak Bernam,3.7112,101.0016
Selangor,Sabak Bernam,Sabak Bernam,3.766848,101.003464
Selangor,Sabak Bernam,Sabak Bernam,3.759996,101.01857
Selangor,Sabak Bernam,Sabak Bernam,3.7801,101.0219
Selangor,Sabak Bernam,Sabak Bernam,3.801105,101.02475
Selangor,Sabak Bernam,Sabak Bernam,3.785004,101.052559
Selangor,Sabak Bernam,Sabak Bernam,3.595,101.086
Selangor,Sabak Bernam,Sabak Bernam,3.5497,101.0873
Selangor,Sabak Bernam,Sabak Bernam,3.597,101.1346
Selangor,Sabak Bernam,Sabak Bernam,3.5526,101.163
Selangor,Sabak Bernam,Sabak Bernam,3.6068,101.2094
Selangor,Sabak Bernam,Sabak Bernam,3.6468,101.299
Selangor,Sepang,KLIA,2.743447,101.684551
Selangor,Sepang,KLIA,2.742212,101.696862
Selangor,Sepang,KLIA,2.747568,101.7016
Selangor,Sepang,Sepang,2.804105,101.702999
Selangor,Sepang,KLIA,2.753596,101.714443
Selangor,Sepang,Sepang,2.8062,101.7149
Selangor,Sepang,KLIA,2.7198,101.715
Selangor,Sepang,Sepang,2.781028,101.715183
Selangor,Sepang,Sepang,2.8295,101.7163
Selangor,Sepang,KLIA,2.7315,101.7175
Selangor,Sepang,Sepang,2.804624,101.730263
Selangor,Sepang,Sepang,2.7047,101.7334
Selangor,Sepang,Sepang,2.704164,101.734783
Selangor,Sepang,Sepang,2.816941,101.739252
Selangor,Sepang,Sepang,2.7664,101.7417
Selangor,Sepang,Sepang,2.6884,101.7502
Terengganu,Besut,Jerteh,5.6935,102.5263
Terengganu,Besut,Jerteh,5.6143,102.5593
Terengganu,Besut,Jerteh,5.7455,102.5593
Terengganu,Besut,Jerteh,5.5897,102.5785
Terengganu,Besut,Jerteh,5.633898,102.604589
Terengganu,Besut,Jerteh,5.652285,102.613538
Terengganu,Besut,Jerteh,5.670959,102.641542
Terengganu,Besut,Jerteh,5.644815,102.647316
Terengganu,Dungun,Dungun,4.8024,103.2513
Terengganu,Dungun,Dungun,4.7189,103.3481
Terengganu,Dungun,Dungun,4.759181,103.359154
Terengganu,Dungun,Dungun,4.7962,103.368
Terengganu,Dungun,Dungun,4.77749,103.390999
Terengganu,Dungun,Dungun,4.73333,103.403
Terengganu,Dungun,Dungun,4.767662,103.413469
Terengganu,Dungun,Dungun,4.746791,103.4157
Terengganu,Hulu Terengganu,Kuala Berang,5.1766,102.829
Terengganu,Hulu Terengganu,Kuala Berang,5.2655,102.8949
Terengganu,Hulu Terengganu,Kuala Berang,5.1014,102.8963
Terengganu,Hulu Terengganu,Kuala Berang,5.152,102.9704
Terengganu,Hulu Terengganu,Kuala Berang,5.074172,103.007841
Terengganu,Hulu Terengganu,Kuala Berang,5.071864,103.011274
Terengganu,Hulu Terengganu,Kuala Berang,5.074813,103.013591
Terengganu,Hulu Terengganu,Kuala Berang,5.078404,103.01814
Terengganu,Kemaman,Chukai,4.1729,103.2603
Terengganu,Kemaman,Chukai,4.2366,103.3029
Terengganu,Kemaman,Chukai,4.3749,103.329
Terengganu,Kemaman,Chukai,4.2846,103.3475
Terengganu,Kemaman,Chukai,4.232452,103.365823
Terengganu,Kemaman,Chukai,4.227688,103.367709
Terengganu,Kemaman,Chukai,4.220643,103.413194
Terengganu,Kemaman,Chukai,4.231086,103.421348
Terengganu,Kuala Nerus,Gong Badak,5.3765,103.038
Terengganu,Kuala Nerus,Gong Badak,5.3707,103.0531
Terengganu,Kuala Nerus,Gong Badak,5.401458,103.086849
Terengganu,Kuala Nerus,Gong Badak,5.40255,103.086907
Terengganu,Kuala Nerus,Gong Badak,5.40522,103.086907
Terengganu,Kuala Nerus,Gong Badak,5.3656,103.0888
Terengganu,Kuala Nerus,Gong Badak,5.400136,103.088903
Terengganu,Kuala Nerus,Gong Badak,5.3748,103.1084
Terengganu,Kuala Terengganu,Kuala Terengganu,5.237,102.9944
Terengganu,Kuala Terengganu,Kuala Terengganu,5.4065,103.0342
Terengganu,Kuala Terengganu,Kuala Terengganu,5.1878,103.0466
Terengganu,Kuala Terengganu,Kuala Terengganu,5.315637,103.095697
Terengganu,Kuala Terengganu,Kuala Terengganu,5.292391,103.111833
Terengganu,Kuala Terengganu,Kuala Terengganu,5.357683,103.119043
Terengganu,Kuala Terengganu,Kuala Terengganu,5.2849,103.1386
Terengganu,Kuala Terengganu,Kuala Terengganu,5.284186,103.166078
Terengganu,Marang,Marang,5.1419,103.1551
Terengganu,Marang,Marang,5.217746,103.201014
Terengganu,Marang,Marang,5.213223,103.203208
Terengganu,Marang,Marang,5.199653,103.203412
Terengganu,Marang,Marang,5.209157,103.208108
Terengganu,Marang,Marang,5.0941,103.2238
Terengganu,Marang,Marang,4.9545,103.2568
Terengganu,Marang,Marang,4.949,103.335
Terengganu,Setiu,Bandar Permaisuri,5.520886,102.746078
Terengganu,Setiu,Bandar Permaisuri,5.522275,102.747193
Terengganu,Setiu,Bandar Permaisuri,5.52031,102.748502
Terengganu,Setiu,Bandar Permaisuri,5.524944,102.748803
Terengganu,Setiu,Bandar Permaisuri,5.5305,102.7558
Terengganu,Setiu,Bandar Permaisuri,5.5172,102.7597
Terengganu,Setiu,Bandar Permaisuri,5.4445,102.835
Terengganu,Setiu,Bandar Permaisuri,5.4687,102.8494
WP,Kuala Lumpur,Kuala Lumpur,3.117,101.6682
WP,Kuala Lumpur,Kuala Lumpur,3.183,101.6755
WP,Kuala Lumpur,Kuala Lumpur,3.188726,101.688534
WP,Kuala Lumpur,Kuala Lumpur,3.1464,101.6996
WP,Kuala Lumpur,Kuala Lumpur,3.162331,101.699864
WP,Kuala Lumpur,Kuala Lumpur,3.156,101.7176
WP,Kuala Lumpur,Kuala Lumpur,3.196267,101.7366
WP,Kuala Lumpur,Kuala Lumpur,3.12188,101.6978
WP,Labuan,Labuan,5.274553,115.175246
WP,Labuan,Labuan,5.2891,115.1969
WP,Labuan,Labuan,5.35352,115.216788
WP,Labuan,Labuan,5.318241,115.230213
WP,Labuan,Labuan,5.3318,115.2339
WP,Labuan,Labuan,5.2937,115.2441
WP,Labuan,Labuan,5.2829,115.2465
WP,Labuan,Labuan,5.28686,115.249747
WP,Putrajaya,Putrajaya,2.962963,101.66958
WP,Putrajaya,Putrajaya,2.9335,101.6729
WP,Putrajaya,Putrajaya,2.93279,101.677648
WP,Putrajaya,Putrajaya,2.9083,101.6787
WP,Putrajaya,Putrajaya,2.957649,101.693098
WP,Putrajaya,Putrajaya,2.9673,101.6965
WP,Putrajaya,Putrajaya,2.9229,101.7022
WP,Putrajaya,Putrajaya,2.950277,101.720735
